source,target,relationship,label
L2,STD_ISO_9000_2026,CONTAINS,CONTAINS
L2,STD_ISO_9001_2026_FDIS,CONTAINS,CONTAINS
L2,STD_ISO_DIS_9002,CONTAINS,CONTAINS
L2,STD_ISO_9004_2018,CONTAINS,CONTAINS
L2,STD_ISO_10001_2018,CONTAINS,CONTAINS
L2,STD_ISO_10002_2018,CONTAINS,CONTAINS
L2,STD_ISO_10003_2018,CONTAINS,CONTAINS
L2,STD_ISO_10004_2018,CONTAINS,CONTAINS
L2,STD_ISO_10005_2018,CONTAINS,CONTAINS
L2,STD_ISO_10006_2017,CONTAINS,CONTAINS
L2,STD_ISO_10007_2017,CONTAINS,CONTAINS
L2,STD_ISO_10008_2022,CONTAINS,CONTAINS
L2,STD_ISO_10009_2024,CONTAINS,CONTAINS
L2,STD_ISO_10010_2022,CONTAINS,CONTAINS
L2,STD_ISO_10012_2026,CONTAINS,CONTAINS
L2,STD_ISO_10013_2021,CONTAINS,CONTAINS
L2,STD_ISO_10014_2021,CONTAINS,CONTAINS
L2,STD_ISO_10015_2019,CONTAINS,CONTAINS
L2,STD_ISO_10017_2021,CONTAINS,CONTAINS
L2,STD_ISO_10018_2020,CONTAINS,CONTAINS
L2,STD_ISO_10019_2005,CONTAINS,CONTAINS
L2,STD_ISO_19011_2026,CONTAINS,CONTAINS
L2,STD_ISO_31000_2018,CONTAINS,CONTAINS
L3,STD_ISO_IEC_42001_2023,CONTAINS,CONTAINS
L3,STD_ISO_IEC_42005_2025,CONTAINS,CONTAINS
L3,STD_ISO_IEC_23894_2023,CONTAINS,CONTAINS
L3,STD_ISO_IEC_22989_2022,CONTAINS,CONTAINS
L3,STD_ISO_IEC_5259_series,CONTAINS,CONTAINS
L3,STD_ISO_IEC_38507_2022,CONTAINS,CONTAINS
L3,STD_ISO_IEC_27001_2022,CONTAINS,CONTAINS
L3,STD_ISO_IEC_27701_2025,CONTAINS,CONTAINS
L1,REQ_4_1,CONTAINS,CONTAINS
REQ_4_1,MOD_Context_Analyzer,IMPLEMENTED_BY,IMPLEMENTED_BY
MOD_Context_Analyzer,AG_Context_Twin_Orchestrator,ORCHESTRATED_BY,ORCHESTRATED_BY
STD_ISO_9000_2026,REQ_4_1,INFORMS,Knowledge Layer
STD_ISO_9001_2026_FDIS,REQ_4_1,INFORMS,Knowledge Layer
STD_ISO_DIS_9002,REQ_4_1,INFORMS,Knowledge Layer
STD_ISO_9004_2018,REQ_4_1,INFORMS,Knowledge Layer
STD_ISO_10010_2022,REQ_4_1,INFORMS,Knowledge Layer
STD_ISO_10017_2021,REQ_4_1,INFORMS,Knowledge Layer
STD_ISO_31000_2018,REQ_4_1,INFORMS,Knowledge Layer
STD_ISO_IEC_42001_2023,REQ_4_1,INFORMS,Knowledge Layer
L1,REQ_4_2,CONTAINS,CONTAINS
REQ_4_2,MOD_Stakeholder_Engine,IMPLEMENTED_BY,IMPLEMENTED_BY
MOD_Stakeholder_Engine,AG_Stakeholder_Intelligence_Agent,ORCHESTRATED_BY,ORCHESTRATED_BY
STD_ISO_9000_2026,REQ_4_2,INFORMS,Knowledge Layer
STD_ISO_9001_2026_FDIS,REQ_4_2,INFORMS,Knowledge Layer
STD_ISO_DIS_9002,REQ_4_2,INFORMS,Knowledge Layer
STD_ISO_10001_2018,REQ_4_2,INFORMS,Knowledge Layer
STD_ISO_10002_2018,REQ_4_2,INFORMS,Knowledge Layer
STD_ISO_10003_2018,REQ_4_2,INFORMS,Knowledge Layer
STD_ISO_10004_2018,REQ_4_2,INFORMS,Knowledge Layer
STD_ISO_10008_2022,REQ_4_2,INFORMS,Knowledge Layer
STD_ISO_IEC_42001_2023,REQ_4_2,INFORMS,Knowledge Layer
L1,REQ_4_3,CONTAINS,CONTAINS
REQ_4_3,MOD_Scope_Builder,IMPLEMENTED_BY,IMPLEMENTED_BY
MOD_Scope_Builder,AG_Scope_Assurance_Agent,ORCHESTRATED_BY,ORCHESTRATED_BY
STD_ISO_9000_2026,REQ_4_3,INFORMS,Knowledge Layer
STD_ISO_9001_2026_FDIS,REQ_4_3,INFORMS,Knowledge Layer
STD_ISO_DIS_9002,REQ_4_3,INFORMS,Knowledge Layer
STD_ISO_9004_2018,REQ_4_3,INFORMS,Knowledge Layer
STD_ISO_IEC_42001_2023,REQ_4_3,INFORMS,Knowledge Layer
L1,REQ_4_4_1,CONTAINS,CONTAINS
REQ_4_4_1,MOD_Process_Mapper,IMPLEMENTED_BY,IMPLEMENTED_BY
MOD_Process_Mapper,AG_Process_Graph_Agent,ORCHESTRATED_BY,ORCHESTRATED_BY
STD_ISO_9000_2026,REQ_4_4_1,INFORMS,Knowledge Layer
STD_ISO_9001_2026_FDIS,REQ_4_4_1,INFORMS,Knowledge Layer
STD_ISO_DIS_9002,REQ_4_4_1,INFORMS,Knowledge Layer
STD_ISO_9004_2018,REQ_4_4_1,INFORMS,Knowledge Layer
STD_ISO_10005_2018,REQ_4_4_1,INFORMS,Knowledge Layer
STD_ISO_10006_2017,REQ_4_4_1,INFORMS,Knowledge Layer
STD_ISO_10007_2017,REQ_4_4_1,INFORMS,Knowledge Layer
STD_ISO_10009_2024,REQ_4_4_1,INFORMS,Knowledge Layer
STD_ISO_10013_2021,REQ_4_4_1,INFORMS,Knowledge Layer
STD_ISO_31000_2018,REQ_4_4_1,INFORMS,Knowledge Layer
STD_ISO_IEC_42001_2023,REQ_4_4_1,INFORMS,Knowledge Layer
L1,REQ_4_4_2,CONTAINS,CONTAINS
REQ_4_4_2,MOD_Process_Mapper,IMPLEMENTED_BY,IMPLEMENTED_BY
MOD_Process_Mapper,AG_Process_Graph_Agent,ORCHESTRATED_BY,ORCHESTRATED_BY
STD_ISO_9000_2026,REQ_4_4_2,INFORMS,Knowledge Layer
STD_ISO_9001_2026_FDIS,REQ_4_4_2,INFORMS,Knowledge Layer
STD_ISO_DIS_9002,REQ_4_4_2,INFORMS,Knowledge Layer
STD_ISO_9004_2018,REQ_4_4_2,INFORMS,Knowledge Layer
STD_ISO_10005_2018,REQ_4_4_2,INFORMS,Knowledge Layer
STD_ISO_10006_2017,REQ_4_4_2,INFORMS,Knowledge Layer
STD_ISO_10007_2017,REQ_4_4_2,INFORMS,Knowledge Layer
STD_ISO_10009_2024,REQ_4_4_2,INFORMS,Knowledge Layer
STD_ISO_10013_2021,REQ_4_4_2,INFORMS,Knowledge Layer
STD_ISO_31000_2018,REQ_4_4_2,INFORMS,Knowledge Layer
STD_ISO_IEC_42001_2023,REQ_4_4_2,INFORMS,Knowledge Layer
L1,REQ_5_1_1,CONTAINS,CONTAINS
REQ_5_1_1,MOD_Quality_Navigator,IMPLEMENTED_BY,IMPLEMENTED_BY
MOD_Quality_Navigator,AG_Leadership_Orchestrator,ORCHESTRATED_BY,ORCHESTRATED_BY
STD_ISO_9000_2026,REQ_5_1_1,INFORMS,Knowledge Layer
STD_ISO_9001_2026_FDIS,REQ_5_1_1,INFORMS,Knowledge Layer
STD_ISO_DIS_9002,REQ_5_1_1,INFORMS,Knowledge Layer
STD_ISO_9004_2018,REQ_5_1_1,INFORMS,Knowledge Layer
STD_ISO_10010_2022,REQ_5_1_1,INFORMS,Knowledge Layer
STD_ISO_10014_2021,REQ_5_1_1,INFORMS,Knowledge Layer
STD_ISO_10018_2020,REQ_5_1_1,INFORMS,Knowledge Layer
STD_ISO_IEC_42001_2023,REQ_5_1_1,INFORMS,Knowledge Layer
STD_ISO_IEC_38507_2022,REQ_5_1_1,INFORMS,Knowledge Layer
L1,REQ_5_1_2,CONTAINS,CONTAINS
REQ_5_1_2,MOD_Quality_Navigator,IMPLEMENTED_BY,IMPLEMENTED_BY
MOD_Quality_Navigator,AG_Customer_Focus_Agent,ORCHESTRATED_BY,ORCHESTRATED_BY
STD_ISO_9000_2026,REQ_5_1_2,INFORMS,Knowledge Layer
STD_ISO_9001_2026_FDIS,REQ_5_1_2,INFORMS,Knowledge Layer
STD_ISO_DIS_9002,REQ_5_1_2,INFORMS,Knowledge Layer
STD_ISO_9004_2018,REQ_5_1_2,INFORMS,Knowledge Layer
STD_ISO_10010_2022,REQ_5_1_2,INFORMS,Knowledge Layer
STD_ISO_10014_2021,REQ_5_1_2,INFORMS,Knowledge Layer
STD_ISO_10018_2020,REQ_5_1_2,INFORMS,Knowledge Layer
STD_ISO_IEC_42001_2023,REQ_5_1_2,INFORMS,Knowledge Layer
STD_ISO_IEC_38507_2022,REQ_5_1_2,INFORMS,Knowledge Layer
L1,REQ_5_2_1,CONTAINS,CONTAINS
REQ_5_2_1,MOD_Policy_Synthesizer,IMPLEMENTED_BY,IMPLEMENTED_BY
MOD_Policy_Synthesizer,AG_Policy_Coherence_Agent,ORCHESTRATED_BY,ORCHESTRATED_BY
STD_ISO_9000_2026,REQ_5_2_1,INFORMS,Knowledge Layer
STD_ISO_9001_2026_FDIS,REQ_5_2_1,INFORMS,Knowledge Layer
STD_ISO_DIS_9002,REQ_5_2_1,INFORMS,Knowledge Layer
STD_ISO_9004_2018,REQ_5_2_1,INFORMS,Knowledge Layer
STD_ISO_10010_2022,REQ_5_2_1,INFORMS,Knowledge Layer
STD_ISO_10018_2020,REQ_5_2_1,INFORMS,Knowledge Layer
STD_ISO_10013_2021,REQ_5_2_1,INFORMS,Knowledge Layer
STD_ISO_IEC_42001_2023,REQ_5_2_1,INFORMS,Knowledge Layer
L1,REQ_5_2_2,CONTAINS,CONTAINS
REQ_5_2_2,MOD_Policy_Synthesizer,IMPLEMENTED_BY,IMPLEMENTED_BY
MOD_Policy_Synthesizer,AG_Policy_Coherence_Agent,ORCHESTRATED_BY,ORCHESTRATED_BY
STD_ISO_9000_2026,REQ_5_2_2,INFORMS,Knowledge Layer
STD_ISO_9001_2026_FDIS,REQ_5_2_2,INFORMS,Knowledge Layer
STD_ISO_DIS_9002,REQ_5_2_2,INFORMS,Knowledge Layer
STD_ISO_9004_2018,REQ_5_2_2,INFORMS,Knowledge Layer
STD_ISO_10010_2022,REQ_5_2_2,INFORMS,Knowledge Layer
STD_ISO_10018_2020,REQ_5_2_2,INFORMS,Knowledge Layer
STD_ISO_10013_2021,REQ_5_2_2,INFORMS,Knowledge Layer
STD_ISO_IEC_42001_2023,REQ_5_2_2,INFORMS,Knowledge Layer
L1,REQ_5_3,CONTAINS,CONTAINS
REQ_5_3,MOD_Ethics_Monitor,IMPLEMENTED_BY,IMPLEMENTED_BY
MOD_Ethics_Monitor,AG_Accountability_Ethics_Agent,ORCHESTRATED_BY,ORCHESTRATED_BY
STD_ISO_9000_2026,REQ_5_3,INFORMS,Knowledge Layer
STD_ISO_9001_2026_FDIS,REQ_5_3,INFORMS,Knowledge Layer
STD_ISO_10010_2022,REQ_5_3,INFORMS,Knowledge Layer
STD_ISO_10015_2019,REQ_5_3,INFORMS,Knowledge Layer
STD_ISO_10018_2020,REQ_5_3,INFORMS,Knowledge Layer
STD_ISO_IEC_42001_2023,REQ_5_3,INFORMS,Knowledge Layer
STD_ISO_IEC_38507_2022,REQ_5_3,INFORMS,Knowledge Layer
L1,REQ_6_1_1,CONTAINS,CONTAINS
REQ_6_1_1,MOD_Risk_Engine,IMPLEMENTED_BY,IMPLEMENTED_BY
MOD_Risk_Engine,AG_Predictive_Risk_Orchestrator,ORCHESTRATED_BY,ORCHESTRATED_BY
STD_ISO_9000_2026,REQ_6_1_1,INFORMS,Knowledge Layer
STD_ISO_9001_2026_FDIS,REQ_6_1_1,INFORMS,Knowledge Layer
STD_ISO_DIS_9002,REQ_6_1_1,INFORMS,Knowledge Layer
STD_ISO_10009_2024,REQ_6_1_1,INFORMS,Knowledge Layer
STD_ISO_10017_2021,REQ_6_1_1,INFORMS,Knowledge Layer
STD_ISO_31000_2018,REQ_6_1_1,INFORMS,Knowledge Layer
STD_ISO_IEC_42001_2023,REQ_6_1_1,INFORMS,Knowledge Layer
STD_ISO_IEC_42005_2025,REQ_6_1_1,INFORMS,Knowledge Layer
STD_ISO_IEC_23894_2023,REQ_6_1_1,INFORMS,Knowledge Layer
STD_ISO_IEC_5259_series,REQ_6_1_1,INFORMS,Knowledge Layer
L1,REQ_6_1_2,CONTAINS,CONTAINS
REQ_6_1_2,MOD_Risk_Engine,IMPLEMENTED_BY,IMPLEMENTED_BY
MOD_Risk_Engine,AG_Predictive_Risk_Orchestrator,ORCHESTRATED_BY,ORCHESTRATED_BY
STD_ISO_9000_2026,REQ_6_1_2,INFORMS,Knowledge Layer
STD_ISO_9001_2026_FDIS,REQ_6_1_2,INFORMS,Knowledge Layer
STD_ISO_DIS_9002,REQ_6_1_2,INFORMS,Knowledge Layer
STD_ISO_10009_2024,REQ_6_1_2,INFORMS,Knowledge Layer
STD_ISO_10017_2021,REQ_6_1_2,INFORMS,Knowledge Layer
STD_ISO_31000_2018,REQ_6_1_2,INFORMS,Knowledge Layer
STD_ISO_IEC_42001_2023,REQ_6_1_2,INFORMS,Knowledge Layer
STD_ISO_IEC_42005_2025,REQ_6_1_2,INFORMS,Knowledge Layer
STD_ISO_IEC_23894_2023,REQ_6_1_2,INFORMS,Knowledge Layer
STD_ISO_IEC_5259_series,REQ_6_1_2,INFORMS,Knowledge Layer
L1,REQ_6_1_3,CONTAINS,CONTAINS
REQ_6_1_3,MOD_Risk_Engine,IMPLEMENTED_BY,IMPLEMENTED_BY
MOD_Risk_Engine,AG_Predictive_Risk_Orchestrator,ORCHESTRATED_BY,ORCHESTRATED_BY
STD_ISO_9000_2026,REQ_6_1_3,INFORMS,Knowledge Layer
STD_ISO_9001_2026_FDIS,REQ_6_1_3,INFORMS,Knowledge Layer
STD_ISO_DIS_9002,REQ_6_1_3,INFORMS,Knowledge Layer
STD_ISO_10009_2024,REQ_6_1_3,INFORMS,Knowledge Layer
STD_ISO_10017_2021,REQ_6_1_3,INFORMS,Knowledge Layer
STD_ISO_31000_2018,REQ_6_1_3,INFORMS,Knowledge Layer
STD_ISO_IEC_42001_2023,REQ_6_1_3,INFORMS,Knowledge Layer
STD_ISO_IEC_42005_2025,REQ_6_1_3,INFORMS,Knowledge Layer
STD_ISO_IEC_23894_2023,REQ_6_1_3,INFORMS,Knowledge Layer
STD_ISO_IEC_5259_series,REQ_6_1_3,INFORMS,Knowledge Layer
L1,REQ_6_2_1,CONTAINS,CONTAINS
REQ_6_2_1,MOD_Objective_Planner,IMPLEMENTED_BY,IMPLEMENTED_BY
MOD_Objective_Planner,AG_Objective_Optimization_Agent,ORCHESTRATED_BY,ORCHESTRATED_BY
STD_ISO_9000_2026,REQ_6_2_1,INFORMS,Knowledge Layer
STD_ISO_9001_2026_FDIS,REQ_6_2_1,INFORMS,Knowledge Layer
STD_ISO_9004_2018,REQ_6_2_1,INFORMS,Knowledge Layer
STD_ISO_10014_2021,REQ_6_2_1,INFORMS,Knowledge Layer
STD_ISO_10017_2021,REQ_6_2_1,INFORMS,Knowledge Layer
STD_ISO_IEC_42001_2023,REQ_6_2_1,INFORMS,Knowledge Layer
L1,REQ_6_2_2,CONTAINS,CONTAINS
REQ_6_2_2,MOD_Objective_Planner,IMPLEMENTED_BY,IMPLEMENTED_BY
MOD_Objective_Planner,AG_Objective_Optimization_Agent,ORCHESTRATED_BY,ORCHESTRATED_BY
STD_ISO_9000_2026,REQ_6_2_2,INFORMS,Knowledge Layer
STD_ISO_9001_2026_FDIS,REQ_6_2_2,INFORMS,Knowledge Layer
STD_ISO_9004_2018,REQ_6_2_2,INFORMS,Knowledge Layer
STD_ISO_10014_2021,REQ_6_2_2,INFORMS,Knowledge Layer
STD_ISO_10017_2021,REQ_6_2_2,INFORMS,Knowledge Layer
STD_ISO_IEC_42001_2023,REQ_6_2_2,INFORMS,Knowledge Layer
L1,REQ_6_3,CONTAINS,CONTAINS
REQ_6_3,MOD_Change_Orchestrator,IMPLEMENTED_BY,IMPLEMENTED_BY
MOD_Change_Orchestrator,AG_Change_Simulation_Agent,ORCHESTRATED_BY,ORCHESTRATED_BY
STD_ISO_9000_2026,REQ_6_3,INFORMS,Knowledge Layer
STD_ISO_9001_2026_FDIS,REQ_6_3,INFORMS,Knowledge Layer
STD_ISO_10007_2017,REQ_6_3,INFORMS,Knowledge Layer
STD_ISO_10009_2024,REQ_6_3,INFORMS,Knowledge Layer
STD_ISO_31000_2018,REQ_6_3,INFORMS,Knowledge Layer
STD_ISO_IEC_42001_2023,REQ_6_3,INFORMS,Knowledge Layer
STD_ISO_IEC_42005_2025,REQ_6_3,INFORMS,Knowledge Layer
L1,REQ_7_1_1,CONTAINS,CONTAINS
REQ_7_1_1,MOD_Resource_Manager,IMPLEMENTED_BY,IMPLEMENTED_BY
MOD_Resource_Manager,AG_Resource_Orchestrator,ORCHESTRATED_BY,ORCHESTRATED_BY
STD_ISO_9000_2026,REQ_7_1_1,INFORMS,Knowledge Layer
STD_ISO_9001_2026_FDIS,REQ_7_1_1,INFORMS,Knowledge Layer
STD_ISO_9004_2018,REQ_7_1_1,INFORMS,Knowledge Layer
STD_ISO_10012_2026,REQ_7_1_1,INFORMS,Knowledge Layer
STD_ISO_10014_2021,REQ_7_1_1,INFORMS,Knowledge Layer
STD_ISO_10015_2019,REQ_7_1_1,INFORMS,Knowledge Layer
STD_ISO_10017_2021,REQ_7_1_1,INFORMS,Knowledge Layer
STD_ISO_IEC_42001_2023,REQ_7_1_1,INFORMS,Knowledge Layer
L1,REQ_7_1_2,CONTAINS,CONTAINS
REQ_7_1_2,MOD_Resource_Manager,IMPLEMENTED_BY,IMPLEMENTED_BY
MOD_Resource_Manager,AG_Resource_Orchestrator,ORCHESTRATED_BY,ORCHESTRATED_BY
STD_ISO_9000_2026,REQ_7_1_2,INFORMS,Knowledge Layer
STD_ISO_9001_2026_FDIS,REQ_7_1_2,INFORMS,Knowledge Layer
STD_ISO_9004_2018,REQ_7_1_2,INFORMS,Knowledge Layer
STD_ISO_10012_2026,REQ_7_1_2,INFORMS,Knowledge Layer
STD_ISO_10014_2021,REQ_7_1_2,INFORMS,Knowledge Layer
STD_ISO_10015_2019,REQ_7_1_2,INFORMS,Knowledge Layer
STD_ISO_10017_2021,REQ_7_1_2,INFORMS,Knowledge Layer
STD_ISO_IEC_42001_2023,REQ_7_1_2,INFORMS,Knowledge Layer
L1,REQ_7_1_3,CONTAINS,CONTAINS
REQ_7_1_3,MOD_Resource_Manager,IMPLEMENTED_BY,IMPLEMENTED_BY
MOD_Resource_Manager,AG_Resource_Orchestrator,ORCHESTRATED_BY,ORCHESTRATED_BY
STD_ISO_9000_2026,REQ_7_1_3,INFORMS,Knowledge Layer
STD_ISO_9001_2026_FDIS,REQ_7_1_3,INFORMS,Knowledge Layer
STD_ISO_9004_2018,REQ_7_1_3,INFORMS,Knowledge Layer
STD_ISO_10012_2026,REQ_7_1_3,INFORMS,Knowledge Layer
STD_ISO_10014_2021,REQ_7_1_3,INFORMS,Knowledge Layer
STD_ISO_10015_2019,REQ_7_1_3,INFORMS,Knowledge Layer
STD_ISO_10017_2021,REQ_7_1_3,INFORMS,Knowledge Layer
STD_ISO_IEC_42001_2023,REQ_7_1_3,INFORMS,Knowledge Layer
L1,REQ_7_1_4,CONTAINS,CONTAINS
REQ_7_1_4,MOD_Resource_Manager,IMPLEMENTED_BY,IMPLEMENTED_BY
MOD_Resource_Manager,AG_Resource_Orchestrator,ORCHESTRATED_BY,ORCHESTRATED_BY
STD_ISO_9000_2026,REQ_7_1_4,INFORMS,Knowledge Layer
STD_ISO_9001_2026_FDIS,REQ_7_1_4,INFORMS,Knowledge Layer
STD_ISO_9004_2018,REQ_7_1_4,INFORMS,Knowledge Layer
STD_ISO_10012_2026,REQ_7_1_4,INFORMS,Knowledge Layer
STD_ISO_10014_2021,REQ_7_1_4,INFORMS,Knowledge Layer
STD_ISO_10015_2019,REQ_7_1_4,INFORMS,Knowledge Layer
STD_ISO_10017_2021,REQ_7_1_4,INFORMS,Knowledge Layer
STD_ISO_IEC_42001_2023,REQ_7_1_4,INFORMS,Knowledge Layer
L1,REQ_7_1_5_1,CONTAINS,CONTAINS
REQ_7_1_5_1,MOD_Resource_Manager,IMPLEMENTED_BY,IMPLEMENTED_BY
MOD_Resource_Manager,AG_Resource_Orchestrator,ORCHESTRATED_BY,ORCHESTRATED_BY
STD_ISO_9000_2026,REQ_7_1_5_1,INFORMS,Knowledge Layer
STD_ISO_9001_2026_FDIS,REQ_7_1_5_1,INFORMS,Knowledge Layer
STD_ISO_9004_2018,REQ_7_1_5_1,INFORMS,Knowledge Layer
STD_ISO_10012_2026,REQ_7_1_5_1,INFORMS,Knowledge Layer
STD_ISO_10014_2021,REQ_7_1_5_1,INFORMS,Knowledge Layer
STD_ISO_10015_2019,REQ_7_1_5_1,INFORMS,Knowledge Layer
STD_ISO_10017_2021,REQ_7_1_5_1,INFORMS,Knowledge Layer
STD_ISO_IEC_42001_2023,REQ_7_1_5_1,INFORMS,Knowledge Layer
L1,REQ_7_1_5_2,CONTAINS,CONTAINS
REQ_7_1_5_2,MOD_Resource_Manager,IMPLEMENTED_BY,IMPLEMENTED_BY
MOD_Resource_Manager,AG_Resource_Orchestrator,ORCHESTRATED_BY,ORCHESTRATED_BY
STD_ISO_9000_2026,REQ_7_1_5_2,INFORMS,Knowledge Layer
STD_ISO_9001_2026_FDIS,REQ_7_1_5_2,INFORMS,Knowledge Layer
STD_ISO_9004_2018,REQ_7_1_5_2,INFORMS,Knowledge Layer
STD_ISO_10012_2026,REQ_7_1_5_2,INFORMS,Knowledge Layer
STD_ISO_10014_2021,REQ_7_1_5_2,INFORMS,Knowledge Layer
STD_ISO_10015_2019,REQ_7_1_5_2,INFORMS,Knowledge Layer
STD_ISO_10017_2021,REQ_7_1_5_2,INFORMS,Knowledge Layer
STD_ISO_IEC_42001_2023,REQ_7_1_5_2,INFORMS,Knowledge Layer
L1,REQ_7_1_6,CONTAINS,CONTAINS
REQ_7_1_6,MOD_Resource_Manager,IMPLEMENTED_BY,IMPLEMENTED_BY
MOD_Resource_Manager,AG_Resource_Orchestrator,ORCHESTRATED_BY,ORCHESTRATED_BY
STD_ISO_9000_2026,REQ_7_1_6,INFORMS,Knowledge Layer
STD_ISO_9001_2026_FDIS,REQ_7_1_6,INFORMS,Knowledge Layer
STD_ISO_9004_2018,REQ_7_1_6,INFORMS,Knowledge Layer
STD_ISO_10012_2026,REQ_7_1_6,INFORMS,Knowledge Layer
STD_ISO_10014_2021,REQ_7_1_6,INFORMS,Knowledge Layer
STD_ISO_10015_2019,REQ_7_1_6,INFORMS,Knowledge Layer
STD_ISO_10017_2021,REQ_7_1_6,INFORMS,Knowledge Layer
STD_ISO_IEC_42001_2023,REQ_7_1_6,INFORMS,Knowledge Layer
L1,REQ_7_2,CONTAINS,CONTAINS
REQ_7_2,MOD_Competence_Evaluator,IMPLEMENTED_BY,IMPLEMENTED_BY
MOD_Competence_Evaluator,AG_Competence_Intelligence_Agent,ORCHESTRATED_BY,ORCHESTRATED_BY
STD_ISO_9000_2026,REQ_7_2,INFORMS,Knowledge Layer
STD_ISO_9001_2026_FDIS,REQ_7_2,INFORMS,Knowledge Layer
STD_ISO_10010_2022,REQ_7_2,INFORMS,Knowledge Layer
STD_ISO_10015_2019,REQ_7_2,INFORMS,Knowledge Layer
STD_ISO_10018_2020,REQ_7_2,INFORMS,Knowledge Layer
STD_ISO_IEC_42001_2023,REQ_7_2,INFORMS,Knowledge Layer
L1,REQ_7_3,CONTAINS,CONTAINS
REQ_7_3,MOD_Awareness_Tracker,IMPLEMENTED_BY,IMPLEMENTED_BY
MOD_Awareness_Tracker,AG_Awareness_Culture_Agent,ORCHESTRATED_BY,ORCHESTRATED_BY
STD_ISO_9000_2026,REQ_7_3,INFORMS,Knowledge Layer
STD_ISO_9001_2026_FDIS,REQ_7_3,INFORMS,Knowledge Layer
STD_ISO_10010_2022,REQ_7_3,INFORMS,Knowledge Layer
STD_ISO_10018_2020,REQ_7_3,INFORMS,Knowledge Layer
STD_ISO_IEC_42001_2023,REQ_7_3,INFORMS,Knowledge Layer
L1,REQ_7_4,CONTAINS,CONTAINS
REQ_7_4,MOD_Communication_Hub,IMPLEMENTED_BY,IMPLEMENTED_BY
MOD_Communication_Hub,AG_Communication_Intelligence_Agent,ORCHESTRATED_BY,ORCHESTRATED_BY
STD_ISO_9000_2026,REQ_7_4,INFORMS,Knowledge Layer
STD_ISO_9001_2026_FDIS,REQ_7_4,INFORMS,Knowledge Layer
STD_ISO_10001_2018,REQ_7_4,INFORMS,Knowledge Layer
STD_ISO_10002_2018,REQ_7_4,INFORMS,Knowledge Layer
STD_ISO_10018_2020,REQ_7_4,INFORMS,Knowledge Layer
STD_ISO_IEC_42001_2023,REQ_7_4,INFORMS,Knowledge Layer
L1,REQ_7_5_1,CONTAINS,CONTAINS
REQ_7_5_1,MOD_Document_Controller,IMPLEMENTED_BY,IMPLEMENTED_BY
MOD_Document_Controller,AG_Document_Intelligence_Agent,ORCHESTRATED_BY,ORCHESTRATED_BY
STD_ISO_9000_2026,REQ_7_5_1,INFORMS,Knowledge Layer
STD_ISO_9001_2026_FDIS,REQ_7_5_1,INFORMS,Knowledge Layer
STD_ISO_10007_2017,REQ_7_5_1,INFORMS,Knowledge Layer
STD_ISO_10013_2021,REQ_7_5_1,INFORMS,Knowledge Layer
STD_ISO_IEC_42001_2023,REQ_7_5_1,INFORMS,Knowledge Layer
STD_ISO_IEC_27001_2022,REQ_7_5_1,INFORMS,Knowledge Layer
STD_ISO_IEC_27701_2025,REQ_7_5_1,INFORMS,Knowledge Layer
L1,REQ_7_5_2,CONTAINS,CONTAINS
REQ_7_5_2,MOD_Document_Controller,IMPLEMENTED_BY,IMPLEMENTED_BY
MOD_Document_Controller,AG_Document_Intelligence_Agent,ORCHESTRATED_BY,ORCHESTRATED_BY
STD_ISO_9000_2026,REQ_7_5_2,INFORMS,Knowledge Layer
STD_ISO_9001_2026_FDIS,REQ_7_5_2,INFORMS,Knowledge Layer
STD_ISO_10007_2017,REQ_7_5_2,INFORMS,Knowledge Layer
STD_ISO_10013_2021,REQ_7_5_2,INFORMS,Knowledge Layer
STD_ISO_IEC_42001_2023,REQ_7_5_2,INFORMS,Knowledge Layer
STD_ISO_IEC_27001_2022,REQ_7_5_2,INFORMS,Knowledge Layer
STD_ISO_IEC_27701_2025,REQ_7_5_2,INFORMS,Knowledge Layer
L1,REQ_7_5_3,CONTAINS,CONTAINS
REQ_7_5_3,MOD_Document_Controller,IMPLEMENTED_BY,IMPLEMENTED_BY
MOD_Document_Controller,AG_Document_Intelligence_Agent,ORCHESTRATED_BY,ORCHESTRATED_BY
STD_ISO_9000_2026,REQ_7_5_3,INFORMS,Knowledge Layer
STD_ISO_9001_2026_FDIS,REQ_7_5_3,INFORMS,Knowledge Layer
STD_ISO_10007_2017,REQ_7_5_3,INFORMS,Knowledge Layer
STD_ISO_10013_2021,REQ_7_5_3,INFORMS,Knowledge Layer
STD_ISO_IEC_42001_2023,REQ_7_5_3,INFORMS,Knowledge Layer
STD_ISO_IEC_27001_2022,REQ_7_5_3,INFORMS,Knowledge Layer
STD_ISO_IEC_27701_2025,REQ_7_5_3,INFORMS,Knowledge Layer
L1,REQ_8_1,CONTAINS,CONTAINS
REQ_8_1,MOD_Operational_Planner,IMPLEMENTED_BY,IMPLEMENTED_BY
MOD_Operational_Planner,AG_Operations_Orchestrator,ORCHESTRATED_BY,ORCHESTRATED_BY
STD_ISO_9000_2026,REQ_8_1,INFORMS,Knowledge Layer
STD_ISO_9001_2026_FDIS,REQ_8_1,INFORMS,Knowledge Layer
STD_ISO_10005_2018,REQ_8_1,INFORMS,Knowledge Layer
STD_ISO_10006_2017,REQ_8_1,INFORMS,Knowledge Layer
STD_ISO_10007_2017,REQ_8_1,INFORMS,Knowledge Layer
STD_ISO_10009_2024,REQ_8_1,INFORMS,Knowledge Layer
STD_ISO_31000_2018,REQ_8_1,INFORMS,Knowledge Layer
STD_ISO_IEC_42001_2023,REQ_8_1,INFORMS,Knowledge Layer
L1,REQ_8_2_1,CONTAINS,CONTAINS
REQ_8_2_1,MOD_Requirement_Mapper,IMPLEMENTED_BY,IMPLEMENTED_BY
MOD_Requirement_Mapper,AG_Requirement_Intelligence_Agent,ORCHESTRATED_BY,ORCHESTRATED_BY
STD_ISO_9000_2026,REQ_8_2_1,INFORMS,Knowledge Layer
STD_ISO_9001_2026_FDIS,REQ_8_2_1,INFORMS,Knowledge Layer
STD_ISO_10001_2018,REQ_8_2_1,INFORMS,Knowledge Layer
STD_ISO_10002_2018,REQ_8_2_1,INFORMS,Knowledge Layer
STD_ISO_10003_2018,REQ_8_2_1,INFORMS,Knowledge Layer
STD_ISO_10004_2018,REQ_8_2_1,INFORMS,Knowledge Layer
STD_ISO_10008_2022,REQ_8_2_1,INFORMS,Knowledge Layer
STD_ISO_IEC_42001_2023,REQ_8_2_1,INFORMS,Knowledge Layer
L1,REQ_8_2_2,CONTAINS,CONTAINS
REQ_8_2_2,MOD_Requirement_Mapper,IMPLEMENTED_BY,IMPLEMENTED_BY
MOD_Requirement_Mapper,AG_Requirement_Intelligence_Agent,ORCHESTRATED_BY,ORCHESTRATED_BY
STD_ISO_9000_2026,REQ_8_2_2,INFORMS,Knowledge Layer
STD_ISO_9001_2026_FDIS,REQ_8_2_2,INFORMS,Knowledge Layer
STD_ISO_10001_2018,REQ_8_2_2,INFORMS,Knowledge Layer
STD_ISO_10002_2018,REQ_8_2_2,INFORMS,Knowledge Layer
STD_ISO_10003_2018,REQ_8_2_2,INFORMS,Knowledge Layer
STD_ISO_10004_2018,REQ_8_2_2,INFORMS,Knowledge Layer
STD_ISO_10008_2022,REQ_8_2_2,INFORMS,Knowledge Layer
STD_ISO_IEC_42001_2023,REQ_8_2_2,INFORMS,Knowledge Layer
L1,REQ_8_2_3,CONTAINS,CONTAINS
REQ_8_2_3,MOD_Requirement_Mapper,IMPLEMENTED_BY,IMPLEMENTED_BY
MOD_Requirement_Mapper,AG_Requirement_Intelligence_Agent,ORCHESTRATED_BY,ORCHESTRATED_BY
STD_ISO_9000_2026,REQ_8_2_3,INFORMS,Knowledge Layer
STD_ISO_9001_2026_FDIS,REQ_8_2_3,INFORMS,Knowledge Layer
STD_ISO_10001_2018,REQ_8_2_3,INFORMS,Knowledge Layer
STD_ISO_10002_2018,REQ_8_2_3,INFORMS,Knowledge Layer
STD_ISO_10003_2018,REQ_8_2_3,INFORMS,Knowledge Layer
STD_ISO_10004_2018,REQ_8_2_3,INFORMS,Knowledge Layer
STD_ISO_10008_2022,REQ_8_2_3,INFORMS,Knowledge Layer
STD_ISO_IEC_42001_2023,REQ_8_2_3,INFORMS,Knowledge Layer
L1,REQ_8_2_4,CONTAINS,CONTAINS
REQ_8_2_4,MOD_Requirement_Mapper,IMPLEMENTED_BY,IMPLEMENTED_BY
MOD_Requirement_Mapper,AG_Requirement_Intelligence_Agent,ORCHESTRATED_BY,ORCHESTRATED_BY
STD_ISO_9000_2026,REQ_8_2_4,INFORMS,Knowledge Layer
STD_ISO_9001_2026_FDIS,REQ_8_2_4,INFORMS,Knowledge Layer
STD_ISO_10001_2018,REQ_8_2_4,INFORMS,Knowledge Layer
STD_ISO_10002_2018,REQ_8_2_4,INFORMS,Knowledge Layer
STD_ISO_10003_2018,REQ_8_2_4,INFORMS,Knowledge Layer
STD_ISO_10004_2018,REQ_8_2_4,INFORMS,Knowledge Layer
STD_ISO_10008_2022,REQ_8_2_4,INFORMS,Knowledge Layer
STD_ISO_IEC_42001_2023,REQ_8_2_4,INFORMS,Knowledge Layer
L1,REQ_8_3_1,CONTAINS,CONTAINS
REQ_8_3_1,MOD_Design_Lab,IMPLEMENTED_BY,IMPLEMENTED_BY
MOD_Design_Lab,AG_Design_Assurance_Agent,ORCHESTRATED_BY,ORCHESTRATED_BY
STD_ISO_9000_2026,REQ_8_3_1,INFORMS,Knowledge Layer
STD_ISO_9001_2026_FDIS,REQ_8_3_1,INFORMS,Knowledge Layer
STD_ISO_10005_2018,REQ_8_3_1,INFORMS,Knowledge Layer
STD_ISO_10006_2017,REQ_8_3_1,INFORMS,Knowledge Layer
STD_ISO_10007_2017,REQ_8_3_1,INFORMS,Knowledge Layer
STD_ISO_10009_2024,REQ_8_3_1,INFORMS,Knowledge Layer
STD_ISO_31000_2018,REQ_8_3_1,INFORMS,Knowledge Layer
STD_ISO_IEC_42001_2023,REQ_8_3_1,INFORMS,Knowledge Layer
STD_ISO_IEC_42005_2025,REQ_8_3_1,INFORMS,Knowledge Layer
L1,REQ_8_3_2,CONTAINS,CONTAINS
REQ_8_3_2,MOD_Design_Lab,IMPLEMENTED_BY,IMPLEMENTED_BY
MOD_Design_Lab,AG_Design_Assurance_Agent,ORCHESTRATED_BY,ORCHESTRATED_BY
STD_ISO_9000_2026,REQ_8_3_2,INFORMS,Knowledge Layer
STD_ISO_9001_2026_FDIS,REQ_8_3_2,INFORMS,Knowledge Layer
STD_ISO_10005_2018,REQ_8_3_2,INFORMS,Knowledge Layer
STD_ISO_10006_2017,REQ_8_3_2,INFORMS,Knowledge Layer
STD_ISO_10007_2017,REQ_8_3_2,INFORMS,Knowledge Layer
STD_ISO_10009_2024,REQ_8_3_2,INFORMS,Knowledge Layer
STD_ISO_31000_2018,REQ_8_3_2,INFORMS,Knowledge Layer
STD_ISO_IEC_42001_2023,REQ_8_3_2,INFORMS,Knowledge Layer
STD_ISO_IEC_42005_2025,REQ_8_3_2,INFORMS,Knowledge Layer
L1,REQ_8_3_3,CONTAINS,CONTAINS
REQ_8_3_3,MOD_Design_Lab,IMPLEMENTED_BY,IMPLEMENTED_BY
MOD_Design_Lab,AG_Design_Assurance_Agent,ORCHESTRATED_BY,ORCHESTRATED_BY
STD_ISO_9000_2026,REQ_8_3_3,INFORMS,Knowledge Layer
STD_ISO_9001_2026_FDIS,REQ_8_3_3,INFORMS,Knowledge Layer
STD_ISO_10005_2018,REQ_8_3_3,INFORMS,Knowledge Layer
STD_ISO_10006_2017,REQ_8_3_3,INFORMS,Knowledge Layer
STD_ISO_10007_2017,REQ_8_3_3,INFORMS,Knowledge Layer
STD_ISO_10009_2024,REQ_8_3_3,INFORMS,Knowledge Layer
STD_ISO_31000_2018,REQ_8_3_3,INFORMS,Knowledge Layer
STD_ISO_IEC_42001_2023,REQ_8_3_3,INFORMS,Knowledge Layer
STD_ISO_IEC_42005_2025,REQ_8_3_3,INFORMS,Knowledge Layer
L1,REQ_8_3_4,CONTAINS,CONTAINS
REQ_8_3_4,MOD_Design_Lab,IMPLEMENTED_BY,IMPLEMENTED_BY
MOD_Design_Lab,AG_Design_Assurance_Agent,ORCHESTRATED_BY,ORCHESTRATED_BY
STD_ISO_9000_2026,REQ_8_3_4,INFORMS,Knowledge Layer
STD_ISO_9001_2026_FDIS,REQ_8_3_4,INFORMS,Knowledge Layer
STD_ISO_10005_2018,REQ_8_3_4,INFORMS,Knowledge Layer
STD_ISO_10006_2017,REQ_8_3_4,INFORMS,Knowledge Layer
STD_ISO_10007_2017,REQ_8_3_4,INFORMS,Knowledge Layer
STD_ISO_10009_2024,REQ_8_3_4,INFORMS,Knowledge Layer
STD_ISO_31000_2018,REQ_8_3_4,INFORMS,Knowledge Layer
STD_ISO_IEC_42001_2023,REQ_8_3_4,INFORMS,Knowledge Layer
STD_ISO_IEC_42005_2025,REQ_8_3_4,INFORMS,Knowledge Layer
L1,REQ_8_3_5,CONTAINS,CONTAINS
REQ_8_3_5,MOD_Design_Lab,IMPLEMENTED_BY,IMPLEMENTED_BY
MOD_Design_Lab,AG_Design_Assurance_Agent,ORCHESTRATED_BY,ORCHESTRATED_BY
STD_ISO_9000_2026,REQ_8_3_5,INFORMS,Knowledge Layer
STD_ISO_9001_2026_FDIS,REQ_8_3_5,INFORMS,Knowledge Layer
STD_ISO_10005_2018,REQ_8_3_5,INFORMS,Knowledge Layer
STD_ISO_10006_2017,REQ_8_3_5,INFORMS,Knowledge Layer
STD_ISO_10007_2017,REQ_8_3_5,INFORMS,Knowledge Layer
STD_ISO_10009_2024,REQ_8_3_5,INFORMS,Knowledge Layer
STD_ISO_31000_2018,REQ_8_3_5,INFORMS,Knowledge Layer
STD_ISO_IEC_42001_2023,REQ_8_3_5,INFORMS,Knowledge Layer
STD_ISO_IEC_42005_2025,REQ_8_3_5,INFORMS,Knowledge Layer
L1,REQ_8_3_6,CONTAINS,CONTAINS
REQ_8_3_6,MOD_Design_Lab,IMPLEMENTED_BY,IMPLEMENTED_BY
MOD_Design_Lab,AG_Design_Assurance_Agent,ORCHESTRATED_BY,ORCHESTRATED_BY
STD_ISO_9000_2026,REQ_8_3_6,INFORMS,Knowledge Layer
STD_ISO_9001_2026_FDIS,REQ_8_3_6,INFORMS,Knowledge Layer
STD_ISO_10005_2018,REQ_8_3_6,INFORMS,Knowledge Layer
STD_ISO_10006_2017,REQ_8_3_6,INFORMS,Knowledge Layer
STD_ISO_10007_2017,REQ_8_3_6,INFORMS,Knowledge Layer
STD_ISO_10009_2024,REQ_8_3_6,INFORMS,Knowledge Layer
STD_ISO_31000_2018,REQ_8_3_6,INFORMS,Knowledge Layer
STD_ISO_IEC_42001_2023,REQ_8_3_6,INFORMS,Knowledge Layer
STD_ISO_IEC_42005_2025,REQ_8_3_6,INFORMS,Knowledge Layer
L1,REQ_8_4_1,CONTAINS,CONTAINS
REQ_8_4_1,MOD_Process_Sentinel,IMPLEMENTED_BY,IMPLEMENTED_BY
MOD_Process_Sentinel,AG_Supplier_External_Process_Agent,ORCHESTRATED_BY,ORCHESTRATED_BY
STD_ISO_9000_2026,REQ_8_4_1,INFORMS,Knowledge Layer
STD_ISO_9001_2026_FDIS,REQ_8_4_1,INFORMS,Knowledge Layer
STD_ISO_10005_2018,REQ_8_4_1,INFORMS,Knowledge Layer
STD_ISO_10007_2017,REQ_8_4_1,INFORMS,Knowledge Layer
STD_ISO_31000_2018,REQ_8_4_1,INFORMS,Knowledge Layer
STD_ISO_IEC_42001_2023,REQ_8_4_1,INFORMS,Knowledge Layer
L1,REQ_8_4_2,CONTAINS,CONTAINS
REQ_8_4_2,MOD_Process_Sentinel,IMPLEMENTED_BY,IMPLEMENTED_BY
MOD_Process_Sentinel,AG_Supplier_External_Process_Agent,ORCHESTRATED_BY,ORCHESTRATED_BY
STD_ISO_9000_2026,REQ_8_4_2,INFORMS,Knowledge Layer
STD_ISO_9001_2026_FDIS,REQ_8_4_2,INFORMS,Knowledge Layer
STD_ISO_10005_2018,REQ_8_4_2,INFORMS,Knowledge Layer
STD_ISO_10007_2017,REQ_8_4_2,INFORMS,Knowledge Layer
STD_ISO_31000_2018,REQ_8_4_2,INFORMS,Knowledge Layer
STD_ISO_IEC_42001_2023,REQ_8_4_2,INFORMS,Knowledge Layer
L1,REQ_8_4_3,CONTAINS,CONTAINS
REQ_8_4_3,MOD_Process_Sentinel,IMPLEMENTED_BY,IMPLEMENTED_BY
MOD_Process_Sentinel,AG_Supplier_External_Process_Agent,ORCHESTRATED_BY,ORCHESTRATED_BY
STD_ISO_9000_2026,REQ_8_4_3,INFORMS,Knowledge Layer
STD_ISO_9001_2026_FDIS,REQ_8_4_3,INFORMS,Knowledge Layer
STD_ISO_10005_2018,REQ_8_4_3,INFORMS,Knowledge Layer
STD_ISO_10007_2017,REQ_8_4_3,INFORMS,Knowledge Layer
STD_ISO_31000_2018,REQ_8_4_3,INFORMS,Knowledge Layer
STD_ISO_IEC_42001_2023,REQ_8_4_3,INFORMS,Knowledge Layer
L1,REQ_8_5_1,CONTAINS,CONTAINS
REQ_8_5_1,MOD_Production_Flow,IMPLEMENTED_BY,IMPLEMENTED_BY
MOD_Production_Flow,AG_Execution_Traceability_Agent,ORCHESTRATED_BY,ORCHESTRATED_BY
STD_ISO_9000_2026,REQ_8_5_1,INFORMS,Knowledge Layer
STD_ISO_9001_2026_FDIS,REQ_8_5_1,INFORMS,Knowledge Layer
STD_ISO_10005_2018,REQ_8_5_1,INFORMS,Knowledge Layer
STD_ISO_10007_2017,REQ_8_5_1,INFORMS,Knowledge Layer
STD_ISO_10012_2026,REQ_8_5_1,INFORMS,Knowledge Layer
STD_ISO_10017_2021,REQ_8_5_1,INFORMS,Knowledge Layer
STD_ISO_IEC_42001_2023,REQ_8_5_1,INFORMS,Knowledge Layer
L1,REQ_8_5_2,CONTAINS,CONTAINS
REQ_8_5_2,MOD_Production_Flow,IMPLEMENTED_BY,IMPLEMENTED_BY
MOD_Production_Flow,AG_Execution_Traceability_Agent,ORCHESTRATED_BY,ORCHESTRATED_BY
STD_ISO_9000_2026,REQ_8_5_2,INFORMS,Knowledge Layer
STD_ISO_9001_2026_FDIS,REQ_8_5_2,INFORMS,Knowledge Layer
STD_ISO_10005_2018,REQ_8_5_2,INFORMS,Knowledge Layer
STD_ISO_10007_2017,REQ_8_5_2,INFORMS,Knowledge Layer
STD_ISO_10012_2026,REQ_8_5_2,INFORMS,Knowledge Layer
STD_ISO_10017_2021,REQ_8_5_2,INFORMS,Knowledge Layer
STD_ISO_IEC_42001_2023,REQ_8_5_2,INFORMS,Knowledge Layer
L1,REQ_8_5_3,CONTAINS,CONTAINS
REQ_8_5_3,MOD_Production_Flow,IMPLEMENTED_BY,IMPLEMENTED_BY
MOD_Production_Flow,AG_Execution_Traceability_Agent,ORCHESTRATED_BY,ORCHESTRATED_BY
STD_ISO_9000_2026,REQ_8_5_3,INFORMS,Knowledge Layer
STD_ISO_9001_2026_FDIS,REQ_8_5_3,INFORMS,Knowledge Layer
STD_ISO_10005_2018,REQ_8_5_3,INFORMS,Knowledge Layer
STD_ISO_10007_2017,REQ_8_5_3,INFORMS,Knowledge Layer
STD_ISO_10012_2026,REQ_8_5_3,INFORMS,Knowledge Layer
STD_ISO_10017_2021,REQ_8_5_3,INFORMS,Knowledge Layer
STD_ISO_IEC_42001_2023,REQ_8_5_3,INFORMS,Knowledge Layer
L1,REQ_8_5_4,CONTAINS,CONTAINS
REQ_8_5_4,MOD_Production_Flow,IMPLEMENTED_BY,IMPLEMENTED_BY
MOD_Production_Flow,AG_Execution_Traceability_Agent,ORCHESTRATED_BY,ORCHESTRATED_BY
STD_ISO_9000_2026,REQ_8_5_4,INFORMS,Knowledge Layer
STD_ISO_9001_2026_FDIS,REQ_8_5_4,INFORMS,Knowledge Layer
STD_ISO_10005_2018,REQ_8_5_4,INFORMS,Knowledge Layer
STD_ISO_10007_2017,REQ_8_5_4,INFORMS,Knowledge Layer
STD_ISO_10012_2026,REQ_8_5_4,INFORMS,Knowledge Layer
STD_ISO_10017_2021,REQ_8_5_4,INFORMS,Knowledge Layer
STD_ISO_IEC_42001_2023,REQ_8_5_4,INFORMS,Knowledge Layer
L1,REQ_8_5_5,CONTAINS,CONTAINS
REQ_8_5_5,MOD_Production_Flow,IMPLEMENTED_BY,IMPLEMENTED_BY
MOD_Production_Flow,AG_Execution_Traceability_Agent,ORCHESTRATED_BY,ORCHESTRATED_BY
STD_ISO_9000_2026,REQ_8_5_5,INFORMS,Knowledge Layer
STD_ISO_9001_2026_FDIS,REQ_8_5_5,INFORMS,Knowledge Layer
STD_ISO_10005_2018,REQ_8_5_5,INFORMS,Knowledge Layer
STD_ISO_10007_2017,REQ_8_5_5,INFORMS,Knowledge Layer
STD_ISO_10012_2026,REQ_8_5_5,INFORMS,Knowledge Layer
STD_ISO_10017_2021,REQ_8_5_5,INFORMS,Knowledge Layer
STD_ISO_IEC_42001_2023,REQ_8_5_5,INFORMS,Knowledge Layer
L1,REQ_8_5_6,CONTAINS,CONTAINS
REQ_8_5_6,MOD_Production_Flow,IMPLEMENTED_BY,IMPLEMENTED_BY
MOD_Production_Flow,AG_Execution_Traceability_Agent,ORCHESTRATED_BY,ORCHESTRATED_BY
STD_ISO_9000_2026,REQ_8_5_6,INFORMS,Knowledge Layer
STD_ISO_9001_2026_FDIS,REQ_8_5_6,INFORMS,Knowledge Layer
STD_ISO_10005_2018,REQ_8_5_6,INFORMS,Knowledge Layer
STD_ISO_10007_2017,REQ_8_5_6,INFORMS,Knowledge Layer
STD_ISO_10012_2026,REQ_8_5_6,INFORMS,Knowledge Layer
STD_ISO_10017_2021,REQ_8_5_6,INFORMS,Knowledge Layer
STD_ISO_IEC_42001_2023,REQ_8_5_6,INFORMS,Knowledge Layer
L1,REQ_8_6,CONTAINS,CONTAINS
REQ_8_6,MOD_Release_Validator,IMPLEMENTED_BY,IMPLEMENTED_BY
MOD_Release_Validator,AG_Release_Assurance_Agent,ORCHESTRATED_BY,ORCHESTRATED_BY
STD_ISO_9000_2026,REQ_8_6,INFORMS,Knowledge Layer
STD_ISO_9001_2026_FDIS,REQ_8_6,INFORMS,Knowledge Layer
STD_ISO_10012_2026,REQ_8_6,INFORMS,Knowledge Layer
STD_ISO_10017_2021,REQ_8_6,INFORMS,Knowledge Layer
STD_ISO_IEC_42001_2023,REQ_8_6,INFORMS,Knowledge Layer
L1,REQ_8_7_1,CONTAINS,CONTAINS
REQ_8_7_1,MOD_NC_Anticipator,IMPLEMENTED_BY,IMPLEMENTED_BY
MOD_NC_Anticipator,AG_Nonconformity_Containment_Agent,ORCHESTRATED_BY,ORCHESTRATED_BY
STD_ISO_9000_2026,REQ_8_7_1,INFORMS,Knowledge Layer
STD_ISO_9001_2026_FDIS,REQ_8_7_1,INFORMS,Knowledge Layer
STD_ISO_10002_2018,REQ_8_7_1,INFORMS,Knowledge Layer
STD_ISO_10009_2024,REQ_8_7_1,INFORMS,Knowledge Layer
STD_ISO_10012_2026,REQ_8_7_1,INFORMS,Knowledge Layer
STD_ISO_10017_2021,REQ_8_7_1,INFORMS,Knowledge Layer
STD_ISO_IEC_42001_2023,REQ_8_7_1,INFORMS,Knowledge Layer
L1,REQ_8_7_2,CONTAINS,CONTAINS
REQ_8_7_2,MOD_NC_Anticipator,IMPLEMENTED_BY,IMPLEMENTED_BY
MOD_NC_Anticipator,AG_Nonconformity_Containment_Agent,ORCHESTRATED_BY,ORCHESTRATED_BY
STD_ISO_9000_2026,REQ_8_7_2,INFORMS,Knowledge Layer
STD_ISO_9001_2026_FDIS,REQ_8_7_2,INFORMS,Knowledge Layer
STD_ISO_10002_2018,REQ_8_7_2,INFORMS,Knowledge Layer
STD_ISO_10009_2024,REQ_8_7_2,INFORMS,Knowledge Layer
STD_ISO_10012_2026,REQ_8_7_2,INFORMS,Knowledge Layer
STD_ISO_10017_2021,REQ_8_7_2,INFORMS,Knowledge Layer
STD_ISO_IEC_42001_2023,REQ_8_7_2,INFORMS,Knowledge Layer
L1,REQ_9_1_1,CONTAINS,CONTAINS
REQ_9_1_1,MOD_Performance_Tracker,IMPLEMENTED_BY,IMPLEMENTED_BY
MOD_Performance_Tracker,AG_Performance_Intelligence_Agent,ORCHESTRATED_BY,ORCHESTRATED_BY
STD_ISO_9000_2026,REQ_9_1_1,INFORMS,Knowledge Layer
STD_ISO_9001_2026_FDIS,REQ_9_1_1,INFORMS,Knowledge Layer
STD_ISO_9004_2018,REQ_9_1_1,INFORMS,Knowledge Layer
STD_ISO_10004_2018,REQ_9_1_1,INFORMS,Knowledge Layer
STD_ISO_10012_2026,REQ_9_1_1,INFORMS,Knowledge Layer
STD_ISO_10014_2021,REQ_9_1_1,INFORMS,Knowledge Layer
STD_ISO_10017_2021,REQ_9_1_1,INFORMS,Knowledge Layer
STD_ISO_IEC_42001_2023,REQ_9_1_1,INFORMS,Knowledge Layer
STD_ISO_IEC_5259_series,REQ_9_1_1,INFORMS,Knowledge Layer
L1,REQ_9_1_2,CONTAINS,CONTAINS
REQ_9_1_2,MOD_Performance_Tracker,IMPLEMENTED_BY,IMPLEMENTED_BY
MOD_Performance_Tracker,AG_Performance_Intelligence_Agent,ORCHESTRATED_BY,ORCHESTRATED_BY
STD_ISO_9000_2026,REQ_9_1_2,INFORMS,Knowledge Layer
STD_ISO_9001_2026_FDIS,REQ_9_1_2,INFORMS,Knowledge Layer
STD_ISO_9004_2018,REQ_9_1_2,INFORMS,Knowledge Layer
STD_ISO_10004_2018,REQ_9_1_2,INFORMS,Knowledge Layer
STD_ISO_10012_2026,REQ_9_1_2,INFORMS,Knowledge Layer
STD_ISO_10014_2021,REQ_9_1_2,INFORMS,Knowledge Layer
STD_ISO_10017_2021,REQ_9_1_2,INFORMS,Knowledge Layer
STD_ISO_IEC_42001_2023,REQ_9_1_2,INFORMS,Knowledge Layer
STD_ISO_IEC_5259_series,REQ_9_1_2,INFORMS,Knowledge Layer
STD_ISO_10001_2018,REQ_9_1_2,INFORMS,Knowledge Layer
STD_ISO_10002_2018,REQ_9_1_2,INFORMS,Knowledge Layer
L1,REQ_9_1_3,CONTAINS,CONTAINS
REQ_9_1_3,MOD_Performance_Tracker,IMPLEMENTED_BY,IMPLEMENTED_BY
MOD_Performance_Tracker,AG_Performance_Intelligence_Agent,ORCHESTRATED_BY,ORCHESTRATED_BY
STD_ISO_9000_2026,REQ_9_1_3,INFORMS,Knowledge Layer
STD_ISO_9001_2026_FDIS,REQ_9_1_3,INFORMS,Knowledge Layer
STD_ISO_9004_2018,REQ_9_1_3,INFORMS,Knowledge Layer
STD_ISO_10004_2018,REQ_9_1_3,INFORMS,Knowledge Layer
STD_ISO_10012_2026,REQ_9_1_3,INFORMS,Knowledge Layer
STD_ISO_10014_2021,REQ_9_1_3,INFORMS,Knowledge Layer
STD_ISO_10017_2021,REQ_9_1_3,INFORMS,Knowledge Layer
STD_ISO_IEC_42001_2023,REQ_9_1_3,INFORMS,Knowledge Layer
STD_ISO_IEC_5259_series,REQ_9_1_3,INFORMS,Knowledge Layer
L1,REQ_9_2_1,CONTAINS,CONTAINS
REQ_9_2_1,MOD_Audit_Engine,IMPLEMENTED_BY,IMPLEMENTED_BY
MOD_Audit_Engine,AG_Autonomous_Audit_Orchestrator,ORCHESTRATED_BY,ORCHESTRATED_BY
STD_ISO_9000_2026,REQ_9_2_1,INFORMS,Knowledge Layer
STD_ISO_9001_2026_FDIS,REQ_9_2_1,INFORMS,Knowledge Layer
STD_ISO_19011_2026,REQ_9_2_1,INFORMS,Knowledge Layer
STD_ISO_10017_2021,REQ_9_2_1,INFORMS,Knowledge Layer
STD_ISO_IEC_42001_2023,REQ_9_2_1,INFORMS,Knowledge Layer
L1,REQ_9_2_2,CONTAINS,CONTAINS
REQ_9_2_2,MOD_Audit_Engine,IMPLEMENTED_BY,IMPLEMENTED_BY
MOD_Audit_Engine,AG_Autonomous_Audit_Orchestrator,ORCHESTRATED_BY,ORCHESTRATED_BY
STD_ISO_9000_2026,REQ_9_2_2,INFORMS,Knowledge Layer
STD_ISO_9001_2026_FDIS,REQ_9_2_2,INFORMS,Knowledge Layer
STD_ISO_19011_2026,REQ_9_2_2,INFORMS,Knowledge Layer
STD_ISO_10017_2021,REQ_9_2_2,INFORMS,Knowledge Layer
STD_ISO_IEC_42001_2023,REQ_9_2_2,INFORMS,Knowledge Layer
L1,REQ_9_3_1,CONTAINS,CONTAINS
REQ_9_3_1,MOD_Executive_Review,IMPLEMENTED_BY,IMPLEMENTED_BY
MOD_Executive_Review,AG_Executive_Insight_Agent,ORCHESTRATED_BY,ORCHESTRATED_BY
STD_ISO_9000_2026,REQ_9_3_1,INFORMS,Knowledge Layer
STD_ISO_9001_2026_FDIS,REQ_9_3_1,INFORMS,Knowledge Layer
STD_ISO_9004_2018,REQ_9_3_1,INFORMS,Knowledge Layer
STD_ISO_10010_2022,REQ_9_3_1,INFORMS,Knowledge Layer
STD_ISO_10014_2021,REQ_9_3_1,INFORMS,Knowledge Layer
STD_ISO_10017_2021,REQ_9_3_1,INFORMS,Knowledge Layer
STD_ISO_IEC_42001_2023,REQ_9_3_1,INFORMS,Knowledge Layer
L1,REQ_9_3_2,CONTAINS,CONTAINS
REQ_9_3_2,MOD_Executive_Review,IMPLEMENTED_BY,IMPLEMENTED_BY
MOD_Executive_Review,AG_Executive_Insight_Agent,ORCHESTRATED_BY,ORCHESTRATED_BY
STD_ISO_9000_2026,REQ_9_3_2,INFORMS,Knowledge Layer
STD_ISO_9001_2026_FDIS,REQ_9_3_2,INFORMS,Knowledge Layer
STD_ISO_9004_2018,REQ_9_3_2,INFORMS,Knowledge Layer
STD_ISO_10010_2022,REQ_9_3_2,INFORMS,Knowledge Layer
STD_ISO_10014_2021,REQ_9_3_2,INFORMS,Knowledge Layer
STD_ISO_10017_2021,REQ_9_3_2,INFORMS,Knowledge Layer
STD_ISO_IEC_42001_2023,REQ_9_3_2,INFORMS,Knowledge Layer
L1,REQ_9_3_3,CONTAINS,CONTAINS
REQ_9_3_3,MOD_Executive_Review,IMPLEMENTED_BY,IMPLEMENTED_BY
MOD_Executive_Review,AG_Executive_Insight_Agent,ORCHESTRATED_BY,ORCHESTRATED_BY
STD_ISO_9000_2026,REQ_9_3_3,INFORMS,Knowledge Layer
STD_ISO_9001_2026_FDIS,REQ_9_3_3,INFORMS,Knowledge Layer
STD_ISO_9004_2018,REQ_9_3_3,INFORMS,Knowledge Layer
STD_ISO_10010_2022,REQ_9_3_3,INFORMS,Knowledge Layer
STD_ISO_10014_2021,REQ_9_3_3,INFORMS,Knowledge Layer
STD_ISO_10017_2021,REQ_9_3_3,INFORMS,Knowledge Layer
STD_ISO_IEC_42001_2023,REQ_9_3_3,INFORMS,Knowledge Layer
L1,REQ_10_1,CONTAINS,CONTAINS
REQ_10_1,MOD_Opportunity_Engine,IMPLEMENTED_BY,IMPLEMENTED_BY
MOD_Opportunity_Engine,AG_Continuous_Improvement_Agent,ORCHESTRATED_BY,ORCHESTRATED_BY
STD_ISO_9000_2026,REQ_10_1,INFORMS,Knowledge Layer
STD_ISO_9001_2026_FDIS,REQ_10_1,INFORMS,Knowledge Layer
STD_ISO_9004_2018,REQ_10_1,INFORMS,Knowledge Layer
STD_ISO_10009_2024,REQ_10_1,INFORMS,Knowledge Layer
STD_ISO_10014_2021,REQ_10_1,INFORMS,Knowledge Layer
STD_ISO_10017_2021,REQ_10_1,INFORMS,Knowledge Layer
STD_ISO_10018_2020,REQ_10_1,INFORMS,Knowledge Layer
STD_ISO_IEC_42001_2023,REQ_10_1,INFORMS,Knowledge Layer
L1,REQ_10_2_1,CONTAINS,CONTAINS
REQ_10_2_1,MOD_Corrective_Tracker,IMPLEMENTED_BY,IMPLEMENTED_BY
MOD_Corrective_Tracker,AG_Corrective_Action_Orchestrator,ORCHESTRATED_BY,ORCHESTRATED_BY
STD_ISO_9000_2026,REQ_10_2_1,INFORMS,Knowledge Layer
STD_ISO_9001_2026_FDIS,REQ_10_2_1,INFORMS,Knowledge Layer
STD_ISO_10002_2018,REQ_10_2_1,INFORMS,Knowledge Layer
STD_ISO_10009_2024,REQ_10_2_1,INFORMS,Knowledge Layer
STD_ISO_10012_2026,REQ_10_2_1,INFORMS,Knowledge Layer
STD_ISO_10017_2021,REQ_10_2_1,INFORMS,Knowledge Layer
STD_ISO_19011_2026,REQ_10_2_1,INFORMS,Knowledge Layer
STD_ISO_31000_2018,REQ_10_2_1,INFORMS,Knowledge Layer
STD_ISO_IEC_42001_2023,REQ_10_2_1,INFORMS,Knowledge Layer
L1,REQ_10_2_2,CONTAINS,CONTAINS
REQ_10_2_2,MOD_Corrective_Tracker,IMPLEMENTED_BY,IMPLEMENTED_BY
MOD_Corrective_Tracker,AG_Corrective_Action_Orchestrator,ORCHESTRATED_BY,ORCHESTRATED_BY
STD_ISO_9000_2026,REQ_10_2_2,INFORMS,Knowledge Layer
STD_ISO_9001_2026_FDIS,REQ_10_2_2,INFORMS,Knowledge Layer
STD_ISO_10002_2018,REQ_10_2_2,INFORMS,Knowledge Layer
STD_ISO_10009_2024,REQ_10_2_2,INFORMS,Knowledge Layer
STD_ISO_10012_2026,REQ_10_2_2,INFORMS,Knowledge Layer
STD_ISO_10017_2021,REQ_10_2_2,INFORMS,Knowledge Layer
STD_ISO_19011_2026,REQ_10_2_2,INFORMS,Knowledge Layer
STD_ISO_31000_2018,REQ_10_2_2,INFORMS,Knowledge Layer
STD_ISO_IEC_42001_2023,REQ_10_2_2,INFORMS,Knowledge Layer
REQ_4_1,REQ_6_1_1,FEEDS,FEEDS
REQ_4_2,REQ_6_1_1,FEEDS,FEEDS
REQ_4_1,REQ_5_1_1,ALIGNS,ALIGNS
REQ_4_2,REQ_4_3,CONSTRAINS,CONSTRAINS
REQ_4_3,REQ_4_4_1,SCOPES,SCOPES
REQ_4_4_1,REQ_6_1_1,EXPOSES_RISKS,EXPOSES_RISKS
REQ_6_1_1,REQ_6_2_1,INFORMS,INFORMS
REQ_6_1_2,REQ_8_1,CONTROLS,CONTROLS
REQ_6_1_3,REQ_10_1,ENABLES,ENABLES
REQ_6_3,REQ_7_2,MAY_REQUIRE,MAY_REQUIRE
REQ_6_3,REQ_7_5_2,MAY_UPDATE,MAY_UPDATE
REQ_6_3,REQ_8_5_6,GOVERNS,GOVERNS
REQ_7_2,REQ_8_5_1,ENABLES,ENABLES
REQ_7_5_3,REQ_8_1,SUPPORTS,SUPPORTS
REQ_8_2_3,REQ_8_1,SETS_REQUIREMENTS,SETS_REQUIREMENTS
REQ_8_4_1,REQ_9_1_3,PROVIDES_DATA,PROVIDES_DATA
REQ_8_5_1,REQ_9_1_1,PROVIDES_DATA,PROVIDES_DATA
REQ_8_7_1,REQ_10_2_1,MAY_TRIGGER,MAY_TRIGGER
REQ_9_1_3,REQ_9_3_2,FEEDS,FEEDS
REQ_9_2_2,REQ_9_3_2,FEEDS,FEEDS
REQ_9_3_3,REQ_6_2_1,MAY_UPDATE,MAY_UPDATE
REQ_9_3_3,REQ_6_3,MAY_TRIGGER,MAY_TRIGGER
REQ_10_2_1,REQ_6_1_1,UPDATES,UPDATES
REQ_10_1,REQ_4_4_1,IMPROVES,IMPROVES
